wc_asal,wc_tujuan,status
WC009,WC010,compatible
WC009,WC011,compatible
WC009,WC012,compatible
WC009,WC013,compatible
WC009,WC014,compatible
WC009,WC015,compatible
WC009,WC016,compatible
WC010,WC009,compatible
WC010,WC011,compatible
WC010,WC012,compatible
WC010,WC013,compatible
WC010,WC014,compatible
WC010,WC015,compatible
WC010,WC016,compatible
WC011,WC009,compatible
WC011,WC010,compatible
WC011,WC012,compatible
WC011,WC013,compatible
WC011,WC014,compatible
WC011,WC015,compatible
WC011,WC016,compatible
WC012,WC009,compatible
WC012,WC010,compatible
WC012,WC011,compatible
WC012,WC013,compatible
WC012,WC014,compatible
WC012,WC015,compatible
WC012,WC016,compatible
WC013,WC009,compatible
WC013,WC010,compatible
WC013,WC011,compatible
WC013,WC012,compatible
WC013,WC014,compatible
WC013,WC015,compatible
WC013,WC016,compatible
WC014,WC009,compatible
WC014,WC010,compatible
WC014,WC011,compatible
WC014,WC012,compatible
WC014,WC013,compatible
WC014,WC015,compatible
WC014,WC016,compatible
WC015,WC009,compatible
WC015,WC010,compatible
WC015,WC011,compatible
WC015,WC012,compatible
WC015,WC013,compatible
WC015,WC014,compatible
WC015,WC016,compatible
WC016,WC009,compatible
WC016,WC010,compatible
WC016,WC011,compatible
WC016,WC012,compatible
WC016,WC013,compatible
WC016,WC014,compatible
WC016,WC015,compatible
WC018,WC019,compatible with condition
WC018,WC020,compatible with condition
WC018,WC027,compatible with condition
WC018,WC028,compatible with condition
WC018,WC029,compatible with condition
WC018,WC030,compatible with condition
WC018,WC062,compatible with condition
WC018,WC063,compatible with condition
WC018,WC064,compatible with condition
WC018,WC065,compatible with condition
WC018,WC066,compatible with condition
WC018,WC067,compatible with condition
WC018,WC082,compatible with condition
WC018,WC091,compatible with condition
WC018,WC092,compatible with condition
WC018,WC094,compatible with condition
WC018,WC095,compatible with condition
WC018,WC096,compatible with condition
WC018,WC097,compatible with condition
WC018,WC145,compatible with condition
WC018,WC149,compatible with condition
WC018,WC150,compatible with condition
WC018,WC151,compatible with condition
WC018,WC152,compatible with condition
WC018,WC153,compatible with condition
WC018,WC154,compatible with condition
WC018,WC155,compatible with condition
WC018,WC156,compatible with condition
WC018,WC159,compatible with condition
WC018,WC160,compatible with condition
WC018,WC161,compatible with condition
WC018,WC162,compatible with condition
WC018,WC163,compatible with condition
WC018,WC165,compatible with condition
WC018,WC166,compatible with condition
WC018,WC292,compatible with condition
WC018,WC293,compatible with condition
WC019,WC018,compatible with condition
WC019,WC020,compatible with condition
WC019,WC027,compatible with condition
WC019,WC028,compatible with condition
WC019,WC029,compatible with condition
WC019,WC030,compatible with condition
WC019,WC062,compatible with condition
WC019,WC063,compatible with condition
WC019,WC064,compatible with condition
WC019,WC065,compatible with condition
WC019,WC066,compatible with condition
WC019,WC067,compatible with condition
WC019,WC082,compatible with condition
WC019,WC091,compatible with condition
WC019,WC092,compatible with condition
WC019,WC094,compatible with condition
WC019,WC095,compatible with condition
WC019,WC096,compatible with condition
WC019,WC097,compatible with condition
WC019,WC145,compatible with condition
WC019,WC149,compatible with condition
WC019,WC150,compatible with condition
WC019,WC151,compatible with condition
WC019,WC152,compatible with condition
WC019,WC153,compatible with condition
WC019,WC154,compatible with condition
WC019,WC155,compatible with condition
WC019,WC156,compatible with condition
WC019,WC159,compatible with condition
WC019,WC160,compatible with condition
WC019,WC161,compatible with condition
WC019,WC162,compatible with condition
WC019,WC163,compatible with condition
WC019,WC165,compatible with condition
WC019,WC166,compatible with condition
WC019,WC292,compatible with condition
WC019,WC293,compatible with condition
WC020,WC018,compatible with condition
WC020,WC019,compatible with condition
WC020,WC027,compatible with condition
WC020,WC028,compatible with condition
WC020,WC029,compatible with condition
WC020,WC030,compatible with condition
WC020,WC062,compatible with condition
WC020,WC063,compatible with condition
WC020,WC064,compatible with condition
WC020,WC065,compatible with condition
WC020,WC066,compatible with condition
WC020,WC067,compatible with condition
WC020,WC082,compatible with condition
WC020,WC091,compatible with condition
WC020,WC092,compatible with condition
WC020,WC094,compatible with condition
WC020,WC095,compatible with condition
WC020,WC096,compatible with condition
WC020,WC097,compatible with condition
WC020,WC145,compatible with condition
WC020,WC149,compatible with condition
WC020,WC150,compatible with condition
WC020,WC151,compatible with condition
WC020,WC152,compatible with condition
WC020,WC153,compatible with condition
WC020,WC154,compatible with condition
WC020,WC155,compatible with condition
WC020,WC156,compatible with condition
WC020,WC159,compatible with condition
WC020,WC160,compatible with condition
WC020,WC161,compatible with condition
WC020,WC162,compatible with condition
WC020,WC163,compatible with condition
WC020,WC165,compatible with condition
WC020,WC166,compatible with condition
WC020,WC292,compatible with condition
WC020,WC293,compatible with condition
WC024,WC025,compatible
WC025,WC024,compatible
WC027,WC018,compatible with condition
WC027,WC019,compatible with condition
WC027,WC020,compatible with condition
WC027,WC028,compatible with condition
WC027,WC029,compatible with condition
WC027,WC030,compatible with condition
WC027,WC062,compatible with condition
WC027,WC063,compatible with condition
WC027,WC064,compatible with condition
WC027,WC065,compatible with condition
WC027,WC066,compatible with condition
WC027,WC067,compatible with condition
WC027,WC082,compatible with condition
WC027,WC091,compatible with condition
WC027,WC092,compatible with condition
WC027,WC094,compatible with condition
WC027,WC095,compatible with condition
WC027,WC096,compatible with condition
WC027,WC097,compatible with condition
WC027,WC145,compatible with condition
WC027,WC149,compatible with condition
WC027,WC150,compatible with condition
WC027,WC151,compatible with condition
WC027,WC152,compatible with condition
WC027,WC153,compatible with condition
WC027,WC154,compatible with condition
WC027,WC155,compatible with condition
WC027,WC156,compatible with condition
WC027,WC159,compatible with condition
WC027,WC160,compatible with condition
WC027,WC161,compatible with condition
WC027,WC162,compatible with condition
WC027,WC163,compatible with condition
WC027,WC165,compatible with condition
WC027,WC166,compatible with condition
WC027,WC292,compatible with condition
WC027,WC293,compatible with condition
WC028,WC018,compatible with condition
WC028,WC019,compatible with condition
WC028,WC020,compatible with condition
WC028,WC027,compatible with condition
WC028,WC029,compatible with condition
WC028,WC030,compatible with condition
WC028,WC062,compatible with condition
WC028,WC063,compatible with condition
WC028,WC064,compatible with condition
WC028,WC065,compatible with condition
WC028,WC066,compatible with condition
WC028,WC067,compatible with condition
WC028,WC082,compatible with condition
WC028,WC091,compatible with condition
WC028,WC092,compatible with condition
WC028,WC094,compatible with condition
WC028,WC095,compatible with condition
WC028,WC096,compatible with condition
WC028,WC097,compatible with condition
WC028,WC145,compatible with condition
WC028,WC149,compatible with condition
WC028,WC150,compatible with condition
WC028,WC151,compatible with condition
WC028,WC152,compatible with condition
WC028,WC153,compatible with condition
WC028,WC154,compatible with condition
WC028,WC155,compatible with condition
WC028,WC156,compatible with condition
WC028,WC159,compatible with condition
WC028,WC160,compatible with condition
WC028,WC161,compatible with condition
WC028,WC162,compatible with condition
WC028,WC163,compatible with condition
WC028,WC165,compatible with condition
WC028,WC166,compatible with condition
WC028,WC292,compatible with condition
WC028,WC293,compatible with condition
WC029,WC018,compatible with condition
WC029,WC019,compatible with condition
WC029,WC020,compatible with condition
WC029,WC027,compatible with condition
WC029,WC028,compatible with condition
WC029,WC030,compatible with condition
WC029,WC062,compatible with condition
WC029,WC063,compatible with condition
WC029,WC064,compatible with condition
WC029,WC065,compatible with condition
WC029,WC066,compatible with condition
WC029,WC067,compatible with condition
WC029,WC082,compatible with condition
WC029,WC091,compatible with condition
WC029,WC092,compatible with condition
WC029,WC094,compatible with condition
WC029,WC095,compatible with condition
WC029,WC096,compatible with condition
WC029,WC097,compatible with condition
WC029,WC145,compatible with condition
WC029,WC149,compatible with condition
WC029,WC150,compatible with condition
WC029,WC151,compatible with condition
WC029,WC152,compatible with condition
WC029,WC153,compatible with condition
WC029,WC154,compatible with condition
WC029,WC155,compatible with condition
WC029,WC156,compatible with condition
WC029,WC159,compatible with condition
WC029,WC160,compatible with condition
WC029,WC161,compatible with condition
WC029,WC162,compatible with condition
WC029,WC163,compatible with condition
WC029,WC165,compatible with condition
WC029,WC166,compatible with condition
WC029,WC292,compatible with condition
WC029,WC293,compatible with condition
WC030,WC018,compatible with condition
WC030,WC019,compatible with condition
WC030,WC020,compatible with condition
WC030,WC027,compatible with condition
WC030,WC028,compatible with condition
WC030,WC029,compatible with condition
WC030,WC062,compatible with condition
WC030,WC063,compatible with condition
WC030,WC064,compatible with condition
WC030,WC065,compatible with condition
WC030,WC066,compatible with condition
WC030,WC067,compatible with condition
WC030,WC082,compatible with condition
WC030,WC091,compatible with condition
WC030,WC092,compatible with condition
WC030,WC094,compatible with condition
WC030,WC095,compatible with condition
WC030,WC096,compatible with condition
WC030,WC097,compatible with condition
WC030,WC145,compatible with condition
WC030,WC149,compatible with condition
WC030,WC150,compatible with condition
WC030,WC151,compatible with condition
WC030,WC152,compatible with condition
WC030,WC153,compatible with condition
WC030,WC154,compatible with condition
WC030,WC155,compatible with condition
WC030,WC156,compatible with condition
WC030,WC159,compatible with condition
WC030,WC160,compatible with condition
WC030,WC161,compatible with condition
WC030,WC162,compatible with condition
WC030,WC163,compatible with condition
WC030,WC165,compatible with condition
WC030,WC166,compatible with condition
WC030,WC292,compatible with condition
WC030,WC293,compatible with condition
WC033,WC034,compatible
WC033,WC035,compatible
WC033,WC833,compatible
WC034,WC033,compatible
WC034,WC035,compatible
WC034,WC833,compatible
WC035,WC033,compatible
WC035,WC034,compatible
WC035,WC833,compatible
WC040,WC041,compatible
WC040,WC042,compatible
WC040,WC043,compatible
WC040,WC044,compatible
WC040,WC045,compatible
WC040,WC046,compatible
WC040,WC047,compatible
WC041,WC040,compatible
WC041,WC042,compatible
WC041,WC043,compatible
WC041,WC044,compatible
WC041,WC045,compatible
WC041,WC046,compatible
WC041,WC047,compatible
WC042,WC040,compatible
WC042,WC041,compatible
WC042,WC043,compatible
WC042,WC044,compatible
WC042,WC045,compatible
WC042,WC046,compatible
WC042,WC047,compatible
WC043,WC040,compatible
WC043,WC041,compatible
WC043,WC042,compatible
WC043,WC044,compatible
WC043,WC045,compatible
WC043,WC046,compatible
WC043,WC047,compatible
WC044,WC040,compatible
WC044,WC041,compatible
WC044,WC042,compatible
WC044,WC043,compatible
WC044,WC045,compatible
WC044,WC046,compatible
WC044,WC047,compatible
WC045,WC040,compatible
WC045,WC041,compatible
WC045,WC042,compatible
WC045,WC043,compatible
WC045,WC044,compatible
WC045,WC046,compatible
WC045,WC047,compatible
WC046,WC040,compatible
WC046,WC041,compatible
WC046,WC042,compatible
WC046,WC043,compatible
WC046,WC044,compatible
WC046,WC045,compatible
WC046,WC047,compatible
WC047,WC040,compatible
WC047,WC041,compatible
WC047,WC042,compatible
WC047,WC043,compatible
WC047,WC044,compatible
WC047,WC045,compatible
WC047,WC046,compatible
WC049,WC050,compatible
WC050,WC049,compatible
WC054,WC055,compatible
WC055,WC054,compatible
WC058,WC059,compatible
WC058,WC585,compatible
WC059,WC058,compatible
WC059,WC585,compatible
WC062,WC018,compatible with condition
WC062,WC019,compatible with condition
WC062,WC020,compatible with condition
WC062,WC027,compatible with condition
WC062,WC028,compatible with condition
WC062,WC029,compatible with condition
WC062,WC030,compatible with condition
WC062,WC063,compatible with condition
WC062,WC064,compatible with condition
WC062,WC065,compatible with condition
WC062,WC066,compatible with condition
WC062,WC067,compatible with condition
WC062,WC082,compatible with condition
WC062,WC091,compatible with condition
WC062,WC092,compatible with condition
WC062,WC094,compatible with condition
WC062,WC095,compatible with condition
WC062,WC096,compatible with condition
WC062,WC097,compatible with condition
WC062,WC145,compatible with condition
WC062,WC149,compatible with condition
WC062,WC150,compatible with condition
WC062,WC151,compatible with condition
WC062,WC152,compatible with condition
WC062,WC153,compatible with condition
WC062,WC154,compatible with condition
WC062,WC155,compatible with condition
WC062,WC156,compatible with condition
WC062,WC159,compatible with condition
WC062,WC160,compatible with condition
WC062,WC161,compatible with condition
WC062,WC162,compatible with condition
WC062,WC163,compatible with condition
WC062,WC165,compatible with condition
WC062,WC166,compatible with condition
WC062,WC292,compatible with condition
WC062,WC293,compatible with condition
WC063,WC018,compatible with condition
WC063,WC019,compatible with condition
WC063,WC020,compatible with condition
WC063,WC027,compatible with condition
WC063,WC028,compatible with condition
WC063,WC029,compatible with condition
WC063,WC030,compatible with condition
WC063,WC062,compatible with condition
WC063,WC064,compatible with condition
WC063,WC065,compatible with condition
WC063,WC066,compatible with condition
WC063,WC067,compatible with condition
WC063,WC082,compatible with condition
WC063,WC091,compatible with condition
WC063,WC092,compatible with condition
WC063,WC094,compatible with condition
WC063,WC095,compatible with condition
WC063,WC096,compatible with condition
WC063,WC097,compatible with condition
WC063,WC145,compatible with condition
WC063,WC149,compatible with condition
WC063,WC150,compatible with condition
WC063,WC151,compatible with condition
WC063,WC152,compatible with condition
WC063,WC153,compatible with condition
WC063,WC154,compatible with condition
WC063,WC155,compatible with condition
WC063,WC156,compatible with condition
WC063,WC159,compatible with condition
WC063,WC160,compatible with condition
WC063,WC161,compatible with condition
WC063,WC162,compatible with condition
WC063,WC163,compatible with condition
WC063,WC165,compatible with condition
WC063,WC166,compatible with condition
WC063,WC292,compatible with condition
WC063,WC293,compatible with condition
WC064,WC018,compatible with condition
WC064,WC019,compatible with condition
WC064,WC020,compatible with condition
WC064,WC027,compatible with condition
WC064,WC028,compatible with condition
WC064,WC029,compatible with condition
WC064,WC030,compatible with condition
WC064,WC062,compatible with condition
WC064,WC063,compatible with condition
WC064,WC065,compatible with condition
WC064,WC066,compatible with condition
WC064,WC067,compatible with condition
WC064,WC082,compatible with condition
WC064,WC091,compatible with condition
WC064,WC092,compatible with condition
WC064,WC094,compatible with condition
WC064,WC095,compatible with condition
WC064,WC096,compatible with condition
WC064,WC097,compatible with condition
WC064,WC145,compatible with condition
WC064,WC149,compatible with condition
WC064,WC150,compatible with condition
WC064,WC151,compatible with condition
WC064,WC152,compatible with condition
WC064,WC153,compatible with condition
WC064,WC154,compatible with condition
WC064,WC155,compatible with condition
WC064,WC156,compatible with condition
WC064,WC159,compatible with condition
WC064,WC160,compatible with condition
WC064,WC161,compatible with condition
WC064,WC162,compatible with condition
WC064,WC163,compatible with condition
WC064,WC165,compatible with condition
WC064,WC166,compatible with condition
WC064,WC292,compatible with condition
WC064,WC293,compatible with condition
WC065,WC018,compatible with condition
WC065,WC019,compatible with condition
WC065,WC020,compatible with condition
WC065,WC027,compatible with condition
WC065,WC028,compatible with condition
WC065,WC029,compatible with condition
WC065,WC030,compatible with condition
WC065,WC062,compatible with condition
WC065,WC063,compatible with condition
WC065,WC064,compatible with condition
WC065,WC066,compatible with condition
WC065,WC067,compatible with condition
WC065,WC082,compatible with condition
WC065,WC091,compatible with condition
WC065,WC092,compatible with condition
WC065,WC094,compatible with condition
WC065,WC095,compatible with condition
WC065,WC096,compatible with condition
WC065,WC097,compatible with condition
WC065,WC145,compatible with condition
WC065,WC149,compatible with condition
WC065,WC150,compatible with condition
WC065,WC151,compatible with condition
WC065,WC152,compatible with condition
WC065,WC153,compatible with condition
WC065,WC154,compatible with condition
WC065,WC155,compatible with condition
WC065,WC156,compatible with condition
WC065,WC159,compatible with condition
WC065,WC160,compatible with condition
WC065,WC161,compatible with condition
WC065,WC162,compatible with condition
WC065,WC163,compatible with condition
WC065,WC165,compatible with condition
WC065,WC166,compatible with condition
WC065,WC292,compatible with condition
WC065,WC293,compatible with condition
WC066,WC018,compatible with condition
WC066,WC019,compatible with condition
WC066,WC020,compatible with condition
WC066,WC027,compatible with condition
WC066,WC028,compatible with condition
WC066,WC029,compatible with condition
WC066,WC030,compatible with condition
WC066,WC062,compatible with condition
WC066,WC063,compatible with condition
WC066,WC064,compatible with condition
WC066,WC065,compatible with condition
WC066,WC067,compatible with condition
WC066,WC082,compatible with condition
WC066,WC091,compatible with condition
WC066,WC092,compatible with condition
WC066,WC094,compatible with condition
WC066,WC095,compatible with condition
WC066,WC096,compatible with condition
WC066,WC097,compatible with condition
WC066,WC145,compatible with condition
WC066,WC149,compatible with condition
WC066,WC150,compatible with condition
WC066,WC151,compatible with condition
WC066,WC152,compatible with condition
WC066,WC153,compatible with condition
WC066,WC154,compatible with condition
WC066,WC155,compatible with condition
WC066,WC156,compatible with condition
WC066,WC159,compatible with condition
WC066,WC160,compatible with condition
WC066,WC161,compatible with condition
WC066,WC162,compatible with condition
WC066,WC163,compatible with condition
WC066,WC165,compatible with condition
WC066,WC166,compatible with condition
WC066,WC292,compatible with condition
WC066,WC293,compatible with condition
WC067,WC018,compatible with condition
WC067,WC019,compatible with condition
WC067,WC020,compatible with condition
WC067,WC027,compatible with condition
WC067,WC028,compatible with condition
WC067,WC029,compatible with condition
WC067,WC030,compatible with condition
WC067,WC062,compatible with condition
WC067,WC063,compatible with condition
WC067,WC064,compatible with condition
WC067,WC065,compatible with condition
WC067,WC066,compatible with condition
WC067,WC082,compatible with condition
WC067,WC091,compatible with condition
WC067,WC092,compatible with condition
WC067,WC094,compatible with condition
WC067,WC095,compatible with condition
WC067,WC096,compatible with condition
WC067,WC097,compatible with condition
WC067,WC145,compatible with condition
WC067,WC149,compatible with condition
WC067,WC150,compatible with condition
WC067,WC151,compatible with condition
WC067,WC152,compatible with condition
WC067,WC153,compatible with condition
WC067,WC154,compatible with condition
WC067,WC155,compatible with condition
WC067,WC156,compatible with condition
WC067,WC159,compatible with condition
WC067,WC160,compatible with condition
WC067,WC161,compatible with condition
WC067,WC162,compatible with condition
WC067,WC163,compatible with condition
WC067,WC165,compatible with condition
WC067,WC166,compatible with condition
WC067,WC292,compatible with condition
WC067,WC293,compatible with condition
WC082,WC018,compatible with condition
WC082,WC019,compatible with condition
WC082,WC020,compatible with condition
WC082,WC027,compatible with condition
WC082,WC028,compatible with condition
WC082,WC029,compatible with condition
WC082,WC030,compatible with condition
WC082,WC062,compatible with condition
WC082,WC063,compatible with condition
WC082,WC064,compatible with condition
WC082,WC065,compatible with condition
WC082,WC066,compatible with condition
WC082,WC067,compatible with condition
WC082,WC091,compatible with condition
WC082,WC092,compatible with condition
WC082,WC094,compatible with condition
WC082,WC095,compatible with condition
WC082,WC096,compatible with condition
WC082,WC097,compatible with condition
WC082,WC145,compatible with condition
WC082,WC149,compatible with condition
WC082,WC150,compatible with condition
WC082,WC151,compatible with condition
WC082,WC152,compatible with condition
WC082,WC153,compatible with condition
WC082,WC154,compatible with condition
WC082,WC155,compatible with condition
WC082,WC156,compatible with condition
WC082,WC159,compatible with condition
WC082,WC160,compatible with condition
WC082,WC161,compatible with condition
WC082,WC162,compatible with condition
WC082,WC163,compatible with condition
WC082,WC165,compatible with condition
WC082,WC166,compatible with condition
WC082,WC292,compatible with condition
WC082,WC293,compatible
WC091,WC018,compatible with condition
WC091,WC019,compatible with condition
WC091,WC020,compatible with condition
WC091,WC027,compatible with condition
WC091,WC028,compatible with condition
WC091,WC029,compatible with condition
WC091,WC030,compatible with condition
WC091,WC062,compatible with condition
WC091,WC063,compatible with condition
WC091,WC064,compatible with condition
WC091,WC065,compatible with condition
WC091,WC066,compatible with condition
WC091,WC067,compatible with condition
WC091,WC082,compatible with condition
WC091,WC092,compatible with condition
WC091,WC094,compatible with condition
WC091,WC095,compatible with condition
WC091,WC096,compatible with condition
WC091,WC097,compatible with condition
WC091,WC145,compatible with condition
WC091,WC149,compatible with condition
WC091,WC150,compatible with condition
WC091,WC151,compatible with condition
WC091,WC152,compatible with condition
WC091,WC153,compatible with condition
WC091,WC154,compatible with condition
WC091,WC155,compatible with condition
WC091,WC156,compatible with condition
WC091,WC159,compatible with condition
WC091,WC160,compatible with condition
WC091,WC161,compatible with condition
WC091,WC162,compatible with condition
WC091,WC163,compatible with condition
WC091,WC165,compatible with condition
WC091,WC166,compatible with condition
WC091,WC292,compatible with condition
WC091,WC293,compatible with condition
WC092,WC018,compatible with condition
WC092,WC019,compatible with condition
WC092,WC020,compatible with condition
WC092,WC027,compatible with condition
WC092,WC028,compatible with condition
WC092,WC029,compatible with condition
WC092,WC030,compatible with condition
WC092,WC062,compatible with condition
WC092,WC063,compatible with condition
WC092,WC064,compatible with condition
WC092,WC065,compatible with condition
WC092,WC066,compatible with condition
WC092,WC067,compatible with condition
WC092,WC082,compatible with condition
WC092,WC091,compatible with condition
WC092,WC094,compatible
WC092,WC095,compatible
WC092,WC096,compatible with condition
WC092,WC097,compatible with condition
WC092,WC145,compatible with condition
WC092,WC149,compatible with condition
WC092,WC150,compatible with condition
WC092,WC151,compatible with condition
WC092,WC152,compatible with condition
WC092,WC153,compatible with condition
WC092,WC154,compatible with condition
WC092,WC155,compatible with condition
WC092,WC156,compatible with condition
WC092,WC159,compatible with condition
WC092,WC160,compatible with condition
WC092,WC161,compatible with condition
WC092,WC162,compatible with condition
WC092,WC163,compatible with condition
WC092,WC165,compatible with condition
WC092,WC166,compatible with condition
WC092,WC292,compatible with condition
WC092,WC293,compatible with condition
WC094,WC018,compatible with condition
WC094,WC019,compatible with condition
WC094,WC020,compatible with condition
WC094,WC027,compatible with condition
WC094,WC028,compatible with condition
WC094,WC029,compatible with condition
WC094,WC030,compatible with condition
WC094,WC062,compatible with condition
WC094,WC063,compatible with condition
WC094,WC064,compatible with condition
WC094,WC065,compatible with condition
WC094,WC066,compatible with condition
WC094,WC067,compatible with condition
WC094,WC082,compatible with condition
WC094,WC091,compatible with condition
WC094,WC092,compatible
WC094,WC095,compatible
WC094,WC096,compatible with condition
WC094,WC097,compatible with condition
WC094,WC145,compatible with condition
WC094,WC149,compatible with condition
WC094,WC150,compatible with condition
WC094,WC151,compatible with condition
WC094,WC152,compatible with condition
WC094,WC153,compatible with condition
WC094,WC154,compatible with condition
WC094,WC155,compatible with condition
WC094,WC156,compatible with condition
WC094,WC159,compatible with condition
WC094,WC160,compatible with condition
WC094,WC161,compatible with condition
WC094,WC162,compatible with condition
WC094,WC163,compatible with condition
WC094,WC165,compatible with condition
WC094,WC166,compatible with condition
WC094,WC292,compatible with condition
WC094,WC293,compatible with condition
WC095,WC018,compatible with condition
WC095,WC019,compatible with condition
WC095,WC020,compatible with condition
WC095,WC027,compatible with condition
WC095,WC028,compatible with condition
WC095,WC029,compatible with condition
WC095,WC030,compatible with condition
WC095,WC062,compatible with condition
WC095,WC063,compatible with condition
WC095,WC064,compatible with condition
WC095,WC065,compatible with condition
WC095,WC066,compatible with condition
WC095,WC067,compatible with condition
WC095,WC082,compatible with condition
WC095,WC091,compatible with condition
WC095,WC092,compatible
WC095,WC094,compatible
WC095,WC096,compatible with condition
WC095,WC097,compatible with condition
WC095,WC145,compatible with condition
WC095,WC149,compatible with condition
WC095,WC150,compatible with condition
WC095,WC151,compatible with condition
WC095,WC152,compatible with condition
WC095,WC153,compatible with condition
WC095,WC154,compatible with condition
WC095,WC155,compatible with condition
WC095,WC156,compatible with condition
WC095,WC159,compatible with condition
WC095,WC160,compatible with condition
WC095,WC161,compatible with condition
WC095,WC162,compatible with condition
WC095,WC163,compatible with condition
WC095,WC165,compatible with condition
WC095,WC166,compatible with condition
WC095,WC292,compatible with condition
WC095,WC293,compatible with condition
WC096,WC018,compatible with condition
WC096,WC019,compatible with condition
WC096,WC020,compatible with condition
WC096,WC027,compatible with condition
WC096,WC028,compatible with condition
WC096,WC029,compatible with condition
WC096,WC030,compatible with condition
WC096,WC062,compatible with condition
WC096,WC063,compatible with condition
WC096,WC064,compatible with condition
WC096,WC065,compatible with condition
WC096,WC066,compatible with condition
WC096,WC067,compatible with condition
WC096,WC082,compatible with condition
WC096,WC091,compatible with condition
WC096,WC092,compatible with condition
WC096,WC094,compatible with condition
WC096,WC095,compatible with condition
WC096,WC097,compatible with condition
WC096,WC145,compatible with condition
WC096,WC149,compatible with condition
WC096,WC150,compatible with condition
WC096,WC151,compatible with condition
WC096,WC152,compatible with condition
WC096,WC153,compatible with condition
WC096,WC154,compatible with condition
WC096,WC155,compatible with condition
WC096,WC156,compatible with condition
WC096,WC159,compatible with condition
WC096,WC160,compatible with condition
WC096,WC161,compatible with condition
WC096,WC162,compatible with condition
WC096,WC163,compatible with condition
WC096,WC165,compatible with condition
WC096,WC166,compatible with condition
WC096,WC292,compatible with condition
WC096,WC293,compatible with condition
WC097,WC018,compatible with condition
WC097,WC019,compatible with condition
WC097,WC020,compatible with condition
WC097,WC027,compatible with condition
WC097,WC028,compatible with condition
WC097,WC029,compatible with condition
WC097,WC030,compatible with condition
WC097,WC062,compatible with condition
WC097,WC063,compatible with condition
WC097,WC064,compatible with condition
WC097,WC065,compatible with condition
WC097,WC066,compatible with condition
WC097,WC067,compatible with condition
WC097,WC082,compatible with condition
WC097,WC091,compatible with condition
WC097,WC092,compatible with condition
WC097,WC094,compatible with condition
WC097,WC095,compatible with condition
WC097,WC096,compatible with condition
WC097,WC145,compatible with condition
WC097,WC149,compatible with condition
WC097,WC150,compatible with condition
WC097,WC151,compatible with condition
WC097,WC152,compatible with condition
WC097,WC153,compatible with condition
WC097,WC154,compatible with condition
WC097,WC155,compatible with condition
WC097,WC156,compatible with condition
WC097,WC159,compatible with condition
WC097,WC160,compatible with condition
WC097,WC161,compatible with condition
WC097,WC162,compatible with condition
WC097,WC163,compatible with condition
WC097,WC165,compatible with condition
WC097,WC166,compatible with condition
WC097,WC292,compatible with condition
WC097,WC293,compatible with condition
WC104,WC686,compatible
WC106,WC831,compatible
WC114,WC115,compatible
WC115,WC114,compatible
WC120,WC121,compatible
WC120,WC127,compatible
WC120,WC128,compatible
WC121,WC120,compatible
WC121,WC127,compatible
WC121,WC128,compatible
WC124,WC126,compatible
WC126,WC124,compatible
WC127,WC120,compatible
WC127,WC121,compatible
WC127,WC128,compatible
WC128,WC120,compatible
WC128,WC121,compatible
WC128,WC127,compatible
WC145,WC018,compatible with condition
WC145,WC019,compatible with condition
WC145,WC020,compatible with condition
WC145,WC027,compatible with condition
WC145,WC028,compatible with condition
WC145,WC029,compatible with condition
WC145,WC030,compatible with condition
WC145,WC062,compatible with condition
WC145,WC063,compatible with condition
WC145,WC064,compatible with condition
WC145,WC065,compatible with condition
WC145,WC066,compatible with condition
WC145,WC067,compatible with condition
WC145,WC082,compatible with condition
WC145,WC091,compatible with condition
WC145,WC092,compatible with condition
WC145,WC094,compatible with condition
WC145,WC095,compatible with condition
WC145,WC096,compatible with condition
WC145,WC097,compatible with condition
WC145,WC149,compatible with condition
WC145,WC150,compatible with condition
WC145,WC151,compatible with condition
WC145,WC152,compatible with condition
WC145,WC153,compatible with condition
WC145,WC154,compatible with condition
WC145,WC155,compatible with condition
WC145,WC156,compatible with condition
WC145,WC159,compatible with condition
WC145,WC160,compatible with condition
WC145,WC161,compatible with condition
WC145,WC162,compatible with condition
WC145,WC163,compatible with condition
WC145,WC165,compatible with condition
WC145,WC166,compatible with condition
WC145,WC292,compatible with condition
WC145,WC293,compatible with condition
WC147,WC148,compatible
WC148,WC147,compatible
WC149,WC018,compatible with condition
WC149,WC019,compatible with condition
WC149,WC020,compatible with condition
WC149,WC027,compatible with condition
WC149,WC028,compatible with condition
WC149,WC029,compatible with condition
WC149,WC030,compatible with condition
WC149,WC062,compatible with condition
WC149,WC063,compatible with condition
WC149,WC064,compatible with condition
WC149,WC065,compatible with condition
WC149,WC066,compatible with condition
WC149,WC067,compatible with condition
WC149,WC082,compatible with condition
WC149,WC091,compatible with condition
WC149,WC092,compatible with condition
WC149,WC094,compatible with condition
WC149,WC095,compatible with condition
WC149,WC096,compatible with condition
WC149,WC097,compatible with condition
WC149,WC145,compatible with condition
WC149,WC150,compatible
WC149,WC151,compatible with condition
WC149,WC152,compatible with condition
WC149,WC153,compatible
WC149,WC154,compatible with condition
WC149,WC155,compatible with condition
WC149,WC156,compatible with condition
WC149,WC159,compatible with condition
WC149,WC160,compatible with condition
WC149,WC161,compatible with condition
WC149,WC162,compatible with condition
WC149,WC163,compatible with condition
WC149,WC165,compatible with condition
WC149,WC166,compatible with condition
WC149,WC292,compatible with condition
WC149,WC293,compatible with condition
WC150,WC018,compatible with condition
WC150,WC019,compatible with condition
WC150,WC020,compatible with condition
WC150,WC027,compatible with condition
WC150,WC028,compatible with condition
WC150,WC029,compatible with condition
WC150,WC030,compatible with condition
WC150,WC062,compatible with condition
WC150,WC063,compatible with condition
WC150,WC064,compatible with condition
WC150,WC065,compatible with condition
WC150,WC066,compatible with condition
WC150,WC067,compatible with condition
WC150,WC082,compatible with condition
WC150,WC091,compatible with condition
WC150,WC092,compatible with condition
WC150,WC094,compatible with condition
WC150,WC095,compatible with condition
WC150,WC096,compatible with condition
WC150,WC097,compatible with condition
WC150,WC145,compatible with condition
WC150,WC149,compatible
WC150,WC151,compatible with condition
WC150,WC152,compatible with condition
WC150,WC153,compatible
WC150,WC154,compatible with condition
WC150,WC155,compatible with condition
WC150,WC156,compatible with condition
WC150,WC159,compatible with condition
WC150,WC160,compatible with condition
WC150,WC161,compatible with condition
WC150,WC162,compatible with condition
WC150,WC163,compatible with condition
WC150,WC165,compatible with condition
WC150,WC166,compatible with condition
WC150,WC292,compatible with condition
WC150,WC293,compatible with condition
WC151,WC018,compatible with condition
WC151,WC019,compatible with condition
WC151,WC020,compatible with condition
WC151,WC027,compatible with condition
WC151,WC028,compatible with condition
WC151,WC029,compatible with condition
WC151,WC030,compatible with condition
WC151,WC062,compatible with condition
WC151,WC063,compatible with condition
WC151,WC064,compatible with condition
WC151,WC065,compatible with condition
WC151,WC066,compatible with condition
WC151,WC067,compatible with condition
WC151,WC082,compatible with condition
WC151,WC091,compatible with condition
WC151,WC092,compatible with condition
WC151,WC094,compatible with condition
WC151,WC095,compatible with condition
WC151,WC096,compatible with condition
WC151,WC097,compatible with condition
WC151,WC145,compatible with condition
WC151,WC149,compatible with condition
WC151,WC150,compatible with condition
WC151,WC152,compatible with condition
WC151,WC153,compatible with condition
WC151,WC154,compatible with condition
WC151,WC155,compatible with condition
WC151,WC156,compatible with condition
WC151,WC159,compatible with condition
WC151,WC160,compatible with condition
WC151,WC161,compatible with condition
WC151,WC162,compatible with condition
WC151,WC163,compatible with condition
WC151,WC165,compatible with condition
WC151,WC166,compatible with condition
WC151,WC292,compatible with condition
WC151,WC293,compatible with condition
WC152,WC018,compatible with condition
WC152,WC019,compatible with condition
WC152,WC020,compatible with condition
WC152,WC027,compatible with condition
WC152,WC028,compatible with condition
WC152,WC029,compatible with condition
WC152,WC030,compatible with condition
WC152,WC062,compatible with condition
WC152,WC063,compatible with condition
WC152,WC064,compatible with condition
WC152,WC065,compatible with condition
WC152,WC066,compatible with condition
WC152,WC067,compatible with condition
WC152,WC082,compatible with condition
WC152,WC091,compatible with condition
WC152,WC092,compatible with condition
WC152,WC094,compatible with condition
WC152,WC095,compatible with condition
WC152,WC096,compatible with condition
WC152,WC097,compatible with condition
WC152,WC145,compatible with condition
WC152,WC149,compatible with condition
WC152,WC150,compatible with condition
WC152,WC151,compatible with condition
WC152,WC153,compatible with condition
WC152,WC154,compatible with condition
WC152,WC155,compatible with condition
WC152,WC156,compatible with condition
WC152,WC159,compatible with condition
WC152,WC160,compatible with condition
WC152,WC161,compatible with condition
WC152,WC162,compatible with condition
WC152,WC163,compatible with condition
WC152,WC165,compatible with condition
WC152,WC166,compatible with condition
WC152,WC292,compatible with condition
WC152,WC293,compatible with condition
WC153,WC018,compatible with condition
WC153,WC019,compatible with condition
WC153,WC020,compatible with condition
WC153,WC027,compatible with condition
WC153,WC028,compatible with condition
WC153,WC029,compatible with condition
WC153,WC030,compatible with condition
WC153,WC062,compatible with condition
WC153,WC063,compatible with condition
WC153,WC064,compatible with condition
WC153,WC065,compatible with condition
WC153,WC066,compatible with condition
WC153,WC067,compatible with condition
WC153,WC082,compatible with condition
WC153,WC091,compatible with condition
WC153,WC092,compatible with condition
WC153,WC094,compatible with condition
WC153,WC095,compatible with condition
WC153,WC096,compatible with condition
WC153,WC097,compatible with condition
WC153,WC145,compatible with condition
WC153,WC149,compatible
WC153,WC150,compatible
WC153,WC151,compatible with condition
WC153,WC152,compatible with condition
WC153,WC154,compatible with condition
WC153,WC155,compatible with condition
WC153,WC156,compatible with condition
WC153,WC159,compatible with condition
WC153,WC160,compatible with condition
WC153,WC161,compatible with condition
WC153,WC162,compatible with condition
WC153,WC163,compatible with condition
WC153,WC165,compatible with condition
WC153,WC166,compatible with condition
WC153,WC292,compatible with condition
WC153,WC293,compatible with condition
WC154,WC018,compatible with condition
WC154,WC019,compatible with condition
WC154,WC020,compatible with condition
WC154,WC027,compatible with condition
WC154,WC028,compatible with condition
WC154,WC029,compatible with condition
WC154,WC030,compatible with condition
WC154,WC062,compatible with condition
WC154,WC063,compatible with condition
WC154,WC064,compatible with condition
WC154,WC065,compatible with condition
WC154,WC066,compatible with condition
WC154,WC067,compatible with condition
WC154,WC082,compatible with condition
WC154,WC091,compatible with condition
WC154,WC092,compatible with condition
WC154,WC094,compatible with condition
WC154,WC095,compatible with condition
WC154,WC096,compatible with condition
WC154,WC097,compatible with condition
WC154,WC145,compatible with condition
WC154,WC149,compatible with condition
WC154,WC150,compatible with condition
WC154,WC151,compatible with condition
WC154,WC152,compatible with condition
WC154,WC153,compatible with condition
WC154,WC155,compatible with condition
WC154,WC156,compatible with condition
WC154,WC159,compatible with condition
WC154,WC160,compatible with condition
WC154,WC161,compatible with condition
WC154,WC162,compatible with condition
WC154,WC163,compatible with condition
WC154,WC165,compatible with condition
WC154,WC166,compatible with condition
WC154,WC292,compatible with condition
WC154,WC293,compatible with condition
WC155,WC018,compatible with condition
WC155,WC019,compatible with condition
WC155,WC020,compatible with condition
WC155,WC027,compatible with condition
WC155,WC028,compatible with condition
WC155,WC029,compatible with condition
WC155,WC030,compatible with condition
WC155,WC062,compatible with condition
WC155,WC063,compatible with condition
WC155,WC064,compatible with condition
WC155,WC065,compatible with condition
WC155,WC066,compatible with condition
WC155,WC067,compatible with condition
WC155,WC082,compatible with condition
WC155,WC091,compatible with condition
WC155,WC092,compatible with condition
WC155,WC094,compatible with condition
WC155,WC095,compatible with condition
WC155,WC096,compatible with condition
WC155,WC097,compatible with condition
WC155,WC145,compatible with condition
WC155,WC149,compatible with condition
WC155,WC150,compatible with condition
WC155,WC151,compatible with condition
WC155,WC152,compatible with condition
WC155,WC153,compatible with condition
WC155,WC154,compatible with condition
WC155,WC156,compatible with condition
WC155,WC159,compatible with condition
WC155,WC160,compatible with condition
WC155,WC161,compatible with condition
WC155,WC162,compatible with condition
WC155,WC163,compatible with condition
WC155,WC165,compatible with condition
WC155,WC166,compatible with condition
WC155,WC292,compatible with condition
WC155,WC293,compatible with condition
WC156,WC018,compatible with condition
WC156,WC019,compatible with condition
WC156,WC020,compatible with condition
WC156,WC027,compatible with condition
WC156,WC028,compatible with condition
WC156,WC029,compatible with condition
WC156,WC030,compatible with condition
WC156,WC062,compatible with condition
WC156,WC063,compatible with condition
WC156,WC064,compatible with condition
WC156,WC065,compatible with condition
WC156,WC066,compatible with condition
WC156,WC067,compatible with condition
WC156,WC082,compatible with condition
WC156,WC091,compatible with condition
WC156,WC092,compatible with condition
WC156,WC094,compatible with condition
WC156,WC095,compatible with condition
WC156,WC096,compatible with condition
WC156,WC097,compatible with condition
WC156,WC145,compatible with condition
WC156,WC149,compatible with condition
WC156,WC150,compatible with condition
WC156,WC151,compatible with condition
WC156,WC152,compatible with condition
WC156,WC153,compatible with condition
WC156,WC154,compatible with condition
WC156,WC155,compatible with condition
WC156,WC159,compatible with condition
WC156,WC160,compatible with condition
WC156,WC161,compatible with condition
WC156,WC162,compatible with condition
WC156,WC163,compatible with condition
WC156,WC165,compatible with condition
WC156,WC166,compatible with condition
WC156,WC292,compatible with condition
WC156,WC293,compatible with condition
WC157,WC158,compatible
WC158,WC157,compatible
WC159,WC018,compatible with condition
WC159,WC019,compatible with condition
WC159,WC020,compatible with condition
WC159,WC027,compatible with condition
WC159,WC028,compatible with condition
WC159,WC029,compatible with condition
WC159,WC030,compatible with condition
WC159,WC062,compatible with condition
WC159,WC063,compatible with condition
WC159,WC064,compatible with condition
WC159,WC065,compatible with condition
WC159,WC066,compatible with condition
WC159,WC067,compatible with condition
WC159,WC082,compatible with condition
WC159,WC091,compatible with condition
WC159,WC092,compatible with condition
WC159,WC094,compatible with condition
WC159,WC095,compatible with condition
WC159,WC096,compatible with condition
WC159,WC097,compatible with condition
WC159,WC145,compatible with condition
WC159,WC149,compatible with condition
WC159,WC150,compatible with condition
WC159,WC151,compatible with condition
WC159,WC152,compatible with condition
WC159,WC153,compatible with condition
WC159,WC154,compatible with condition
WC159,WC155,compatible with condition
WC159,WC156,compatible with condition
WC159,WC160,compatible with condition
WC159,WC161,compatible
WC159,WC162,compatible
WC159,WC163,compatible
WC159,WC165,compatible
WC159,WC166,compatible
WC159,WC292,compatible with condition
WC159,WC293,compatible with condition
WC160,WC018,compatible with condition
WC160,WC019,compatible with condition
WC160,WC020,compatible with condition
WC160,WC027,compatible with condition
WC160,WC028,compatible with condition
WC160,WC029,compatible with condition
WC160,WC030,compatible with condition
WC160,WC062,compatible with condition
WC160,WC063,compatible with condition
WC160,WC064,compatible with condition
WC160,WC065,compatible with condition
WC160,WC066,compatible with condition
WC160,WC067,compatible with condition
WC160,WC082,compatible with condition
WC160,WC091,compatible with condition
WC160,WC092,compatible with condition
WC160,WC094,compatible with condition
WC160,WC095,compatible with condition
WC160,WC096,compatible with condition
WC160,WC097,compatible with condition
WC160,WC145,compatible with condition
WC160,WC149,compatible with condition
WC160,WC150,compatible with condition
WC160,WC151,compatible with condition
WC160,WC152,compatible with condition
WC160,WC153,compatible with condition
WC160,WC154,compatible with condition
WC160,WC155,compatible with condition
WC160,WC156,compatible with condition
WC160,WC159,compatible with condition
WC160,WC161,compatible with condition
WC160,WC162,compatible with condition
WC160,WC163,compatible with condition
WC160,WC165,compatible with condition
WC160,WC166,compatible with condition
WC160,WC292,compatible with condition
WC160,WC293,compatible with condition
WC161,WC018,compatible with condition
WC161,WC019,compatible with condition
WC161,WC020,compatible with condition
WC161,WC027,compatible with condition
WC161,WC028,compatible with condition
WC161,WC029,compatible with condition
WC161,WC030,compatible with condition
WC161,WC062,compatible with condition
WC161,WC063,compatible with condition
WC161,WC064,compatible with condition
WC161,WC065,compatible with condition
WC161,WC066,compatible with condition
WC161,WC067,compatible with condition
WC161,WC082,compatible with condition
WC161,WC091,compatible with condition
WC161,WC092,compatible with condition
WC161,WC094,compatible with condition
WC161,WC095,compatible with condition
WC161,WC096,compatible with condition
WC161,WC097,compatible with condition
WC161,WC145,compatible with condition
WC161,WC149,compatible with condition
WC161,WC150,compatible with condition
WC161,WC151,compatible with condition
WC161,WC152,compatible with condition
WC161,WC153,compatible with condition
WC161,WC154,compatible with condition
WC161,WC155,compatible with condition
WC161,WC156,compatible with condition
WC161,WC159,compatible
WC161,WC160,compatible with condition
WC161,WC162,compatible
WC161,WC163,compatible
WC161,WC165,compatible
WC161,WC166,compatible
WC161,WC292,compatible with condition
WC161,WC293,compatible with condition
WC162,WC018,compatible with condition
WC162,WC019,compatible with condition
WC162,WC020,compatible with condition
WC162,WC027,compatible with condition
WC162,WC028,compatible with condition
WC162,WC029,compatible with condition
WC162,WC030,compatible with condition
WC162,WC062,compatible with condition
WC162,WC063,compatible with condition
WC162,WC064,compatible with condition
WC162,WC065,compatible with condition
WC162,WC066,compatible with condition
WC162,WC067,compatible with condition
WC162,WC082,compatible with condition
WC162,WC091,compatible with condition
WC162,WC092,compatible with condition
WC162,WC094,compatible with condition
WC162,WC095,compatible with condition
WC162,WC096,compatible with condition
WC162,WC097,compatible with condition
WC162,WC145,compatible with condition
WC162,WC149,compatible with condition
WC162,WC150,compatible with condition
WC162,WC151,compatible with condition
WC162,WC152,compatible with condition
WC162,WC153,compatible with condition
WC162,WC154,compatible with condition
WC162,WC155,compatible with condition
WC162,WC156,compatible with condition
WC162,WC159,compatible
WC162,WC160,compatible with condition
WC162,WC161,compatible
WC162,WC163,compatible
WC162,WC165,compatible
WC162,WC166,compatible
WC162,WC292,compatible with condition
WC162,WC293,compatible with condition
WC163,WC018,compatible with condition
WC163,WC019,compatible with condition
WC163,WC020,compatible with condition
WC163,WC027,compatible with condition
WC163,WC028,compatible with condition
WC163,WC029,compatible with condition
WC163,WC030,compatible with condition
WC163,WC062,compatible with condition
WC163,WC063,compatible with condition
WC163,WC064,compatible with condition
WC163,WC065,compatible with condition
WC163,WC066,compatible with condition
WC163,WC067,compatible with condition
WC163,WC082,compatible with condition
WC163,WC091,compatible with condition
WC163,WC092,compatible with condition
WC163,WC094,compatible with condition
WC163,WC095,compatible with condition
WC163,WC096,compatible with condition
WC163,WC097,compatible with condition
WC163,WC145,compatible with condition
WC163,WC149,compatible with condition
WC163,WC150,compatible with condition
WC163,WC151,compatible with condition
WC163,WC152,compatible with condition
WC163,WC153,compatible with condition
WC163,WC154,compatible with condition
WC163,WC155,compatible with condition
WC163,WC156,compatible with condition
WC163,WC159,compatible
WC163,WC160,compatible with condition
WC163,WC161,compatible
WC163,WC162,compatible
WC163,WC165,compatible
WC163,WC166,compatible
WC163,WC292,compatible with condition
WC163,WC293,compatible with condition
WC165,WC018,compatible with condition
WC165,WC019,compatible with condition
WC165,WC020,compatible with condition
WC165,WC027,compatible with condition
WC165,WC028,compatible with condition
WC165,WC029,compatible with condition
WC165,WC030,compatible with condition
WC165,WC062,compatible with condition
WC165,WC063,compatible with condition
WC165,WC064,compatible with condition
WC165,WC065,compatible with condition
WC165,WC066,compatible with condition
WC165,WC067,compatible with condition
WC165,WC082,compatible with condition
WC165,WC091,compatible with condition
WC165,WC092,compatible with condition
WC165,WC094,compatible with condition
WC165,WC095,compatible with condition
WC165,WC096,compatible with condition
WC165,WC097,compatible with condition
WC165,WC145,compatible with condition
WC165,WC149,compatible with condition
WC165,WC150,compatible with condition
WC165,WC151,compatible with condition
WC165,WC152,compatible with condition
WC165,WC153,compatible with condition
WC165,WC154,compatible with condition
WC165,WC155,compatible with condition
WC165,WC156,compatible with condition
WC165,WC159,compatible
WC165,WC160,compatible with condition
WC165,WC161,compatible
WC165,WC162,compatible
WC165,WC163,compatible
WC165,WC166,compatible
WC165,WC292,compatible with condition
WC165,WC293,compatible with condition
WC166,WC018,compatible with condition
WC166,WC019,compatible with condition
WC166,WC020,compatible with condition
WC166,WC027,compatible with condition
WC166,WC028,compatible with condition
WC166,WC029,compatible with condition
WC166,WC030,compatible with condition
WC166,WC062,compatible with condition
WC166,WC063,compatible with condition
WC166,WC064,compatible with condition
WC166,WC065,compatible with condition
WC166,WC066,compatible with condition
WC166,WC067,compatible with condition
WC166,WC082,compatible with condition
WC166,WC091,compatible with condition
WC166,WC092,compatible with condition
WC166,WC094,compatible with condition
WC166,WC095,compatible with condition
WC166,WC096,compatible with condition
WC166,WC097,compatible with condition
WC166,WC145,compatible with condition
WC166,WC149,compatible with condition
WC166,WC150,compatible with condition
WC166,WC151,compatible with condition
WC166,WC152,compatible with condition
WC166,WC153,compatible with condition
WC166,WC154,compatible with condition
WC166,WC155,compatible with condition
WC166,WC156,compatible with condition
WC166,WC159,compatible
WC166,WC160,compatible with condition
WC166,WC161,compatible
WC166,WC162,compatible
WC166,WC163,compatible
WC166,WC165,compatible
WC166,WC292,compatible with condition
WC166,WC293,compatible with condition
WC168,WC720,compatible
WC169,WC170,compatible
WC170,WC169,compatible
WC181,WC186,compatible
WC181,WC188,compatible
WC181,WC189,compatible
WC181,WC191,compatible
WC181,WC194,compatible
WC181,WC195,compatible
WC181,WC196,compatible
WC181,WC197,compatible
WC181,WC198,compatible
WC186,WC181,compatible
WC186,WC188,compatible
WC186,WC189,compatible
WC186,WC191,compatible
WC186,WC194,compatible
WC186,WC195,compatible
WC186,WC196,compatible
WC186,WC197,compatible
WC186,WC198,compatible
WC188,WC181,compatible
WC188,WC186,compatible
WC188,WC189,compatible
WC188,WC191,compatible
WC188,WC194,compatible
WC188,WC195,compatible
WC188,WC196,compatible
WC188,WC197,compatible
WC188,WC198,compatible
WC189,WC181,compatible
WC189,WC186,compatible
WC189,WC188,compatible
WC189,WC191,compatible
WC189,WC194,compatible
WC189,WC195,compatible
WC189,WC196,compatible
WC189,WC197,compatible
WC189,WC198,compatible
WC191,WC181,compatible
WC191,WC186,compatible
WC191,WC188,compatible
WC191,WC189,compatible
WC191,WC194,compatible
WC191,WC195,compatible
WC191,WC196,compatible
WC191,WC197,compatible
WC191,WC198,compatible
WC194,WC181,compatible
WC194,WC186,compatible
WC194,WC188,compatible
WC194,WC189,compatible
WC194,WC191,compatible
WC194,WC195,compatible
WC194,WC196,compatible
WC194,WC197,compatible
WC194,WC198,compatible
WC195,WC181,compatible
WC195,WC186,compatible
WC195,WC188,compatible
WC195,WC189,compatible
WC195,WC191,compatible
WC195,WC194,compatible
WC195,WC196,compatible
WC195,WC197,compatible
WC195,WC198,compatible
WC196,WC181,compatible
WC196,WC186,compatible
WC196,WC188,compatible
WC196,WC189,compatible
WC196,WC191,compatible
WC196,WC194,compatible
WC196,WC195,compatible
WC196,WC197,compatible
WC196,WC198,compatible
WC197,WC181,compatible
WC197,WC186,compatible
WC197,WC188,compatible
WC197,WC189,compatible
WC197,WC191,compatible
WC197,WC194,compatible
WC197,WC195,compatible
WC197,WC196,compatible
WC197,WC198,compatible
WC198,WC181,compatible
WC198,WC186,compatible
WC198,WC188,compatible
WC198,WC189,compatible
WC198,WC191,compatible
WC198,WC194,compatible
WC198,WC195,compatible
WC198,WC196,compatible
WC198,WC197,compatible
WC199,WC526,compatible
WC292,WC018,compatible with condition
WC292,WC019,compatible with condition
WC292,WC020,compatible with condition
WC292,WC027,compatible with condition
WC292,WC028,compatible with condition
WC292,WC029,compatible with condition
WC292,WC030,compatible with condition
WC292,WC062,compatible with condition
WC292,WC063,compatible with condition
WC292,WC064,compatible with condition
WC292,WC065,compatible with condition
WC292,WC066,compatible with condition
WC292,WC067,compatible with condition
WC292,WC082,compatible with condition
WC292,WC091,compatible with condition
WC292,WC092,compatible with condition
WC292,WC094,compatible with condition
WC292,WC095,compatible with condition
WC292,WC096,compatible with condition
WC292,WC097,compatible with condition
WC292,WC145,compatible with condition
WC292,WC149,compatible with condition
WC292,WC150,compatible with condition
WC292,WC151,compatible with condition
WC292,WC152,compatible with condition
WC292,WC153,compatible with condition
WC292,WC154,compatible with condition
WC292,WC155,compatible with condition
WC292,WC156,compatible with condition
WC292,WC159,compatible with condition
WC292,WC160,compatible with condition
WC292,WC161,compatible with condition
WC292,WC162,compatible with condition
WC292,WC163,compatible with condition
WC292,WC165,compatible with condition
WC292,WC166,compatible with condition
WC292,WC293,compatible with condition
WC293,WC018,compatible with condition
WC293,WC019,compatible with condition
WC293,WC020,compatible with condition
WC293,WC027,compatible with condition
WC293,WC028,compatible with condition
WC293,WC029,compatible with condition
WC293,WC030,compatible with condition
WC293,WC062,compatible with condition
WC293,WC063,compatible with condition
WC293,WC064,compatible with condition
WC293,WC065,compatible with condition
WC293,WC066,compatible with condition
WC293,WC067,compatible with condition
WC293,WC082,compatible
WC293,WC091,compatible with condition
WC293,WC092,compatible with condition
WC293,WC094,compatible with condition
WC293,WC095,compatible with condition
WC293,WC096,compatible with condition
WC293,WC097,compatible with condition
WC293,WC145,compatible with condition
WC293,WC149,compatible with condition
WC293,WC150,compatible with condition
WC293,WC151,compatible with condition
WC293,WC152,compatible with condition
WC293,WC153,compatible with condition
WC293,WC154,compatible with condition
WC293,WC155,compatible with condition
WC293,WC156,compatible with condition
WC293,WC159,compatible with condition
WC293,WC160,compatible with condition
WC293,WC161,compatible with condition
WC293,WC162,compatible with condition
WC293,WC163,compatible with condition
WC293,WC165,compatible with condition
WC293,WC166,compatible with condition
WC293,WC292,compatible with condition
WC401,WC408,compatible
WC404,WC405,compatible
WC405,WC404,compatible
WC406,WC407,compatible
WC407,WC406,compatible
WC408,WC401,compatible
WC409,WC410,compatible
WC410,WC409,compatible
WC411,WC412,compatible
WC412,WC411,compatible
WC526,WC199,compatible
WC585,WC058,compatible
WC585,WC059,compatible
WC686,WC104,compatible
WC720,WC168,compatible
WC760,WC761,compatible
WC760,WC762,compatible
WC760,WC775,compatible
WC761,WC760,compatible
WC761,WC762,compatible
WC761,WC775,compatible
WC762,WC760,compatible
WC762,WC761,compatible
WC762,WC775,compatible
WC763,WC764,compatible
WC763,WC765,compatible
WC763,WC766,compatible
WC764,WC763,compatible
WC764,WC765,compatible
WC764,WC766,compatible
WC765,WC763,compatible
WC765,WC764,compatible
WC765,WC766,compatible
WC766,WC763,compatible
WC766,WC764,compatible
WC766,WC765,compatible
WC767,WC768,compatible
WC768,WC767,compatible
WC770,WC771,compatible
WC771,WC770,compatible
WC772,WC773,compatible
WC773,WC772,compatible
WC775,WC760,compatible
WC775,WC761,compatible
WC775,WC762,compatible
WC776,WC832,compatible
WC785,WC787,compatible
WC787,WC785,compatible
WC819,WC820,compatible
WC819,WC821,compatible
WC819,WC822,compatible
WC820,WC819,compatible
WC820,WC821,compatible
WC820,WC822,compatible
WC821,WC819,compatible
WC821,WC820,compatible
WC821,WC822,compatible
WC822,WC819,compatible
WC822,WC820,compatible
WC822,WC821,compatible
WC831,WC106,compatible
WC832,WC776,compatible
WC833,WC033,compatible
WC833,WC034,compatible
WC833,WC035,compatible
WC232,WC233,compatible
WC232,WC234,compatible
WC232,WC035,compatible
WC233,WC232,compatible
WC233,WC234,compatible
WC233,WC235,compatible
WC234,WC232,compatible
WC234,WC233,compatible
WC234,WC235,compatible
WC235,WC234,compatible
WC235,WC233,compatible
WC235,WC232,compatible
WC259,WC260,compatible
WC260,WC259,compatible
WC744,WC745,compatible
WC744,WC746,compatible
WC745,WC744,compatible
WC745,WC746,compatible
WC746,WC744,compatible
WC746,WC745,compatible
WC747,WC748,compatible
WC747,WC749,compatible
WC748,WC747,compatible
WC748,WC749,compatible
WC749,WC747,compatible
WC749,WC748,compatible
WC750,WC751,compatible
WC751,WC750,compatible
WC266,WC753,compatible
WC756,WC757,compatible
WC757,WC756,compatible
